[
    {
        "id": 1,
        "first_name": "Drucy",
        "last_name": "Poppy",
        "fav_movies": [
            "I giorni contati"
        ],
        "salary": 1463.36,
        "image_url": "http://dummyimage.com/126x166.png/cc0000/ffffff",
        "date_of_birth": "1991-02-16",
        "active": true
    },
    {
        "id": 2,
        "first_name": "Emelyne",
        "last_name": "Blaza",
        "fav_movies": [
            "Musketeer, The",
            "Topralli"
        ],
        "salary": 3006.04,
        "image_url": "http://dummyimage.com/158x106.bmp/cc0000/ffffff",
        "date_of_birth": "1991-11-02",
        "active": false
    },
    {
        "id": 3,
        "first_name": "Max",
        "last_name": "Rettie",
        "fav_movies": [
            "The Forgotten Space",
            "Make It Happen"
        ],
        "salary": 1422.88,
        "image_url": "http://dummyimage.com/237x140.jpg/ff4444/ffffff",
        "date_of_birth": "1990-03-03",
        "active": false
    },
    {
        "id": 4,
        "first_name": "Ilario",
        "last_name": "Kean",
        "fav_movies": [
            "Up Close and Personal"
        ],
        "salary": 3561.36,
        "image_url": "http://dummyimage.com/207x121.jpg/cc0000/ffffff",
        "date_of_birth": "1987-06-09",
        "active": true
    },
    {
        "id": 5,
        "first_name": "Toddy",
        "last_name": "Drexel",
        "fav_movies": [
            "Walk in the Clouds, A"
        ],
        "salary": 4934.87,
        "image_url": "http://dummyimage.com/116x202.png/cc0000/ffffff",
        "date_of_birth": "1992-10-28",
        "active": true
    },
    {
        "id": 6,
        "first_name": "Oswald",
        "last_name": "Petrolli",
        "fav_movies": [
            "Wing and the Thigh, The (L'aile ou la cuisse)"
        ],
        "salary": 1153.23,
        "image_url": "http://dummyimage.com/137x172.jpg/5fa2dd/ffffff",
        "date_of_birth": "1986-09-02",
        "active": false
    },
    {
        "id": 7,
        "first_name": "Adrian",
        "last_name": "Clarey",
        "fav_movies": [
            "Walking Tall",
            "Paradise, Hawaiian Style"
        ],
        "salary": 1044.73,
        "image_url": "http://dummyimage.com/244x218.bmp/cc0000/ffffff",
        "date_of_birth": "1971-08-24",
        "active": false
    },
    {
        "id": 8,
        "first_name": "Dominica",
        "last_name": "Goodnow",
        "fav_movies": [
            "Hearts Divided"
        ],
        "salary": 1147.76,
        "image_url": "http://dummyimage.com/112x203.jpg/dddddd/000000",
        "date_of_birth": "1973-08-27",
        "active": false
    },
    {
        "id": 9,
        "first_name": "Emory",
        "last_name": "Slocomb",
        "fav_movies": [
            "Snake and Crane Arts of Shaolin (She hao ba bu)",
            "Mala Noche"
        ],
        "salary": 1082.11,
        "image_url": "http://dummyimage.com/138x226.jpg/cc0000/ffffff",
        "date_of_birth": "1974-06-08",
        "active": true
    },
    {
        "id": 10,
        "first_name": "Jeremias",
        "last_name": "Bode",
        "fav_movies": [
            "Farewell to Arms, A"
        ],
        "salary": 3472.63,
        "image_url": "http://dummyimage.com/243x108.bmp/dddddd/000000",
        "date_of_birth": "1997-08-02",
        "active": true
    },
    {
        "id": 11,
        "first_name": "Timothy",
        "last_name": "Ervine",
        "fav_movies": [
            "Land of the Lost",
            "Save the Last Dance",
            "Whispering Corridors (Yeogo Goedam)"
        ],
        "salary": 1147.61,
        "image_url": "http://dummyimage.com/162x184.bmp/5fa2dd/ffffff",
        "date_of_birth": "1971-06-02",
        "active": false
    },
    {
        "id": 12,
        "first_name": "Leanora",
        "last_name": "Gooder",
        "fav_movies": [
            "It's All About Love",
            "Scooby-Doo! The Mystery Begins"
        ],
        "salary": 1327.02,
        "image_url": "http://dummyimage.com/108x237.png/5fa2dd/ffffff",
        "date_of_birth": "1981-12-17",
        "active": false
    },
    {
        "id": 13,
        "first_name": "Claiborn",
        "last_name": "Denham",
        "fav_movies": [
            "McCullin",
            "Max Payne",
            "Oath, The"
        ],
        "salary": 2623.33,
        "image_url": "http://dummyimage.com/250x200.bmp/5fa2dd/ffffff",
        "date_of_birth": "1996-03-07",
        "active": false
    },
    {
        "id": 14,
        "first_name": "Ambrosi",
        "last_name": "Vidineev",
        "fav_movies": [
            "Wall Street: Money Never Sleeps",
            "Applause (Applaus)",
            "When a Stranger Calls"
        ],
        "salary": 4550.88,
        "image_url": "http://dummyimage.com/232x159.png/5fa2dd/ffffff",
        "date_of_birth": "1989-07-20",
        "active": true
    },
    {
        "id": 15,
        "first_name": "Feodor",
        "last_name": "Nancekivell",
        "fav_movies": [
            "Monsoon Wedding"
        ],
        "salary": 2218.46,
        "image_url": "http://dummyimage.com/119x120.bmp/cc0000/ffffff",
        "date_of_birth": "2000-10-07",
        "active": false
    },
    {
        "id": 16,
        "first_name": "Margaux",
        "last_name": "Archbold",
        "fav_movies": [
            "And Now a Word from Our Sponsor"
        ],
        "salary": 1013.75,
        "image_url": "http://dummyimage.com/229x133.png/5fa2dd/ffffff",
        "date_of_birth": "1988-07-29",
        "active": true
    },
    {
        "id": 17,
        "first_name": "Balduin",
        "last_name": "Elstone",
        "fav_movies": [
            "Sisters, The"
        ],
        "salary": 2302.26,
        "image_url": "http://dummyimage.com/171x173.png/5fa2dd/ffffff",
        "date_of_birth": "1974-07-20",
        "active": false
    },
    {
        "id": 18,
        "first_name": "Alfie",
        "last_name": "Hatliffe",
        "fav_movies": [
            "Lord of Tears"
        ],
        "salary": 3893.1,
        "image_url": "http://dummyimage.com/142x242.png/5fa2dd/ffffff",
        "date_of_birth": "1989-06-21",
        "active": true
    },
    {
        "id": 19,
        "first_name": "Lura",
        "last_name": "Follis",
        "fav_movies": [
            "My Life in Pink (Ma vie en rose)",
            "Test Pilot",
            "Sin of Madelon Claudet, The"
        ],
        "salary": 3331.26,
        "image_url": "http://dummyimage.com/189x205.bmp/dddddd/000000",
        "date_of_birth": "1998-11-03",
        "active": false
    },
    {
        "id": 20,
        "first_name": "Maxi",
        "last_name": "Cluet",
        "fav_movies": [
            "All I Want for Christmas"
        ],
        "salary": 4046.46,
        "image_url": "http://dummyimage.com/110x101.png/cc0000/ffffff",
        "date_of_birth": "1979-05-06",
        "active": false
    },
    {
        "id": 21,
        "first_name": "Dian",
        "last_name": "Dancy",
        "fav_movies": [
            "Double, Double, Toil and Trouble"
        ],
        "salary": 3720.3,
        "image_url": "http://dummyimage.com/237x138.png/cc0000/ffffff",
        "date_of_birth": "1998-12-01",
        "active": true
    },
    {
        "id": 22,
        "first_name": "Theodore",
        "last_name": "Climance",
        "fav_movies": [
            "Story of the Weeping Camel, The (Geschichte vom weinenden Kamel, Die)",
            "Black Orpheus (Orfeu Negro)"
        ],
        "salary": 3008.56,
        "image_url": "http://dummyimage.com/142x231.jpg/cc0000/ffffff",
        "date_of_birth": "1999-01-30",
        "active": false
    },
    {
        "id": 23,
        "first_name": "Min",
        "last_name": "Latter",
        "fav_movies": [
            "Kurt Cobain: Montage of Heck",
            "Bey Yaar"
        ],
        "salary": 1909.87,
        "image_url": "http://dummyimage.com/135x201.jpg/dddddd/000000",
        "date_of_birth": "1991-03-17",
        "active": false
    },
    {
        "id": 24,
        "first_name": "Camellia",
        "last_name": "Jervoise",
        "fav_movies": [
            "Waiting to Exhale"
        ],
        "salary": 3431.17,
        "image_url": "http://dummyimage.com/213x117.png/ff4444/ffffff",
        "date_of_birth": "1996-07-14",
        "active": false
    },
    {
        "id": 25,
        "first_name": "Kelcy",
        "last_name": "Wogdon",
        "fav_movies": [
            "Iron Mask, The"
        ],
        "salary": 4512.51,
        "image_url": "http://dummyimage.com/229x198.jpg/ff4444/ffffff",
        "date_of_birth": "2000-10-20",
        "active": true
    },
    {
        "id": 26,
        "first_name": "Clive",
        "last_name": "Lax",
        "fav_movies": [
            "Rabid"
        ],
        "salary": 2126.87,
        "image_url": "http://dummyimage.com/136x104.bmp/ff4444/ffffff",
        "date_of_birth": "1981-10-26",
        "active": true
    },
    {
        "id": 27,
        "first_name": "Kelila",
        "last_name": "Harrowsmith",
        "fav_movies": [
            "Apparition, The"
        ],
        "salary": 4651.58,
        "image_url": "http://dummyimage.com/156x139.jpg/ff4444/ffffff",
        "date_of_birth": "1973-01-02",
        "active": true
    },
    {
        "id": 28,
        "first_name": "Frankie",
        "last_name": "Copestick",
        "fav_movies": [
            "Computer Wore Tennis Shoes, The"
        ],
        "salary": 1186.68,
        "image_url": "http://dummyimage.com/115x123.png/dddddd/000000",
        "date_of_birth": "1994-03-09",
        "active": false
    },
    {
        "id": 29,
        "first_name": "Eli",
        "last_name": "Normabell",
        "fav_movies": [
            "Return to Peyton Place",
            "Dead Poets Society",
            "How to Survive a Plague"
        ],
        "salary": 4917.48,
        "image_url": "http://dummyimage.com/121x158.jpg/5fa2dd/ffffff",
        "date_of_birth": "1993-01-02",
        "active": true
    },
    {
        "id": 30,
        "first_name": "Carter",
        "last_name": "Ferre",
        "fav_movies": [
            "In a World...",
            "Bitch Slap",
            "If Looks Could Kill"
        ],
        "salary": 1737.73,
        "image_url": "http://dummyimage.com/111x188.jpg/dddddd/000000",
        "date_of_birth": "1980-10-10",
        "active": false
    },
    {
        "id": 31,
        "first_name": "Cynthy",
        "last_name": "Witch",
        "fav_movies": [
            "Armadillo"
        ],
        "salary": 2400.58,
        "image_url": "http://dummyimage.com/161x222.bmp/cc0000/ffffff",
        "date_of_birth": "1983-10-22",
        "active": false
    },
    {
        "id": 32,
        "first_name": "Redd",
        "last_name": "Akenhead",
        "fav_movies": [
            "Century of the Dragon (Long zai bian yuan)",
            "Barbarian Queen II: The Empress Strikes Back"
        ],
        "salary": 2470.9,
        "image_url": "http://dummyimage.com/190x128.jpg/dddddd/000000",
        "date_of_birth": "2000-06-05",
        "active": false
    },
    {
        "id": 33,
        "first_name": "Sherline",
        "last_name": "Primett",
        "fav_movies": [
            "Jungle Fighters"
        ],
        "salary": 2309.39,
        "image_url": "http://dummyimage.com/230x221.jpg/5fa2dd/ffffff",
        "date_of_birth": "1972-07-23",
        "active": true
    },
    {
        "id": 34,
        "first_name": "Davis",
        "last_name": "Pinks",
        "fav_movies": [
            "Hounddog"
        ],
        "salary": 1337.14,
        "image_url": "http://dummyimage.com/231x186.bmp/ff4444/ffffff",
        "date_of_birth": "1989-07-27",
        "active": true
    },
    {
        "id": 35,
        "first_name": "Fanni",
        "last_name": "Dyson",
        "fav_movies": [
            "Wild One, The"
        ],
        "salary": 3228.58,
        "image_url": "http://dummyimage.com/139x156.bmp/cc0000/ffffff",
        "date_of_birth": "1995-01-09",
        "active": true
    },
    {
        "id": 36,
        "first_name": "Ozzie",
        "last_name": "Brownlie",
        "fav_movies": [
            "Orange County"
        ],
        "salary": 3945.18,
        "image_url": "http://dummyimage.com/126x237.png/5fa2dd/ffffff",
        "date_of_birth": "1992-01-25",
        "active": false
    },
    {
        "id": 37,
        "first_name": "Carlen",
        "last_name": "Sharply",
        "fav_movies": [
            "Dr. Jekyll and Mr. Hyde"
        ],
        "salary": 2051.85,
        "image_url": "http://dummyimage.com/168x224.png/5fa2dd/ffffff",
        "date_of_birth": "2002-06-01",
        "active": true
    },
    {
        "id": 38,
        "first_name": "Camile",
        "last_name": "Mace",
        "fav_movies": [
            "Family Guy Presents: Blue Harvest",
            "Wavelength"
        ],
        "salary": 3559.93,
        "image_url": "http://dummyimage.com/159x120.jpg/cc0000/ffffff",
        "date_of_birth": "1994-12-12",
        "active": false
    },
    {
        "id": 39,
        "first_name": "Melinda",
        "last_name": "McKevitt",
        "fav_movies": [
            "Safrana or Freedom of Speech (Safrana ou le droit à la parole)",
            "Christiane F. (a.k.a. We Children from Bahnhof Zoo) (Christiane F. - Wir Kinder vom Bahnhof Zoo)",
            "Girlfriends, The (Le amiche)"
        ],
        "salary": 4166.13,
        "image_url": "http://dummyimage.com/250x179.png/dddddd/000000",
        "date_of_birth": "1979-12-15",
        "active": true
    },
    {
        "id": 40,
        "first_name": "Jordan",
        "last_name": "Lorant",
        "fav_movies": [
            "Shockproof",
            "Bachelor, The",
            "Changeling, The"
        ],
        "salary": 2183.91,
        "image_url": "http://dummyimage.com/206x177.png/ff4444/ffffff",
        "date_of_birth": "1979-07-29",
        "active": true
    },
    {
        "id": 41,
        "first_name": "Sky",
        "last_name": "Hails",
        "fav_movies": [
            "Trotsky, The",
            "Survivors, The",
            "Chronicles (Crónicas)"
        ],
        "salary": 1633.95,
        "image_url": "http://dummyimage.com/133x148.jpg/ff4444/ffffff",
        "date_of_birth": "1971-02-19",
        "active": false
    },
    {
        "id": 42,
        "first_name": "Cristiano",
        "last_name": "Shaw",
        "fav_movies": [
            "Can-Can",
            "Feeding Frenzy"
        ],
        "salary": 3180.08,
        "image_url": "http://dummyimage.com/123x190.jpg/dddddd/000000",
        "date_of_birth": "1997-04-07",
        "active": true
    },
    {
        "id": 43,
        "first_name": "Guthrie",
        "last_name": "Veeler",
        "fav_movies": [
            "Mr. Brooks",
            "Second Woman, The",
            "Slumber Party Massacre II"
        ],
        "salary": 4806.88,
        "image_url": "http://dummyimage.com/209x111.jpg/5fa2dd/ffffff",
        "date_of_birth": "1978-07-31",
        "active": true
    },
    {
        "id": 44,
        "first_name": "Wolfgang",
        "last_name": "Inger",
        "fav_movies": [
            "No Such Thing"
        ],
        "salary": 3192.85,
        "image_url": "http://dummyimage.com/111x165.png/cc0000/ffffff",
        "date_of_birth": "1973-11-16",
        "active": true
    },
    {
        "id": 45,
        "first_name": "Rem",
        "last_name": "Hanhard",
        "fav_movies": [
            "The Adventures of André and Wally B.",
            "Holiday Engagement"
        ],
        "salary": 1365.89,
        "image_url": "http://dummyimage.com/185x117.png/dddddd/000000",
        "date_of_birth": "1985-08-02",
        "active": false
    },
    {
        "id": 46,
        "first_name": "Giffie",
        "last_name": "Kemmish",
        "fav_movies": [
            "State Witness, The (Swiadek koronny)",
            "99 and 44/100% Dead"
        ],
        "salary": 4543.29,
        "image_url": "http://dummyimage.com/160x156.bmp/dddddd/000000",
        "date_of_birth": "1995-06-25",
        "active": false
    },
    {
        "id": 47,
        "first_name": "Ardis",
        "last_name": "Wotton",
        "fav_movies": [
            "Little Colonel, The"
        ],
        "salary": 3827.61,
        "image_url": "http://dummyimage.com/107x143.bmp/ff4444/ffffff",
        "date_of_birth": "1979-06-13",
        "active": true
    },
    {
        "id": 48,
        "first_name": "Maximilian",
        "last_name": "Jonin",
        "fav_movies": [
            "The Last Shark",
            "Pat and Mike"
        ],
        "salary": 3274.34,
        "image_url": "http://dummyimage.com/167x130.jpg/5fa2dd/ffffff",
        "date_of_birth": "1994-09-16",
        "active": false
    },
    {
        "id": 49,
        "first_name": "Kendricks",
        "last_name": "Kee",
        "fav_movies": [
            "Flower & Garnet"
        ],
        "salary": 2304.39,
        "image_url": "http://dummyimage.com/121x108.png/cc0000/ffffff",
        "date_of_birth": "1999-11-14",
        "active": true
    },
    {
        "id": 50,
        "first_name": "Darbee",
        "last_name": "Brownjohn",
        "fav_movies": [
            "Lana Turner... a Daughter's Memoir"
        ],
        "salary": 3120.83,
        "image_url": "http://dummyimage.com/201x182.jpg/ff4444/ffffff",
        "date_of_birth": "1996-02-07",
        "active": false
    },
    {
        "id": 51,
        "first_name": "El",
        "last_name": "Dohrmann",
        "fav_movies": [
            "El Hada Buena - Una Fábula Peronista"
        ],
        "salary": 4810.48,
        "image_url": "http://dummyimage.com/130x112.png/dddddd/000000",
        "date_of_birth": "1984-04-24",
        "active": true
    },
    {
        "id": 52,
        "first_name": "Thorvald",
        "last_name": "Finnan",
        "fav_movies": [
            "Star Maker, The (Uomo delle stelle, L')",
            "Deuces Wild",
            "Piñero"
        ],
        "salary": 2194.92,
        "image_url": "http://dummyimage.com/219x148.png/ff4444/ffffff",
        "date_of_birth": "1984-09-16",
        "active": false
    },
    {
        "id": 53,
        "first_name": "Franciska",
        "last_name": "Gilford",
        "fav_movies": [
            "Cathedral, The (Katedra)"
        ],
        "salary": 4406.27,
        "image_url": "http://dummyimage.com/238x218.jpg/cc0000/ffffff",
        "date_of_birth": "1976-04-08",
        "active": false
    },
    {
        "id": 54,
        "first_name": "Johny",
        "last_name": "Goodenough",
        "fav_movies": [
            "Maximum Overdrive"
        ],
        "salary": 3592.31,
        "image_url": "http://dummyimage.com/130x242.bmp/cc0000/ffffff",
        "date_of_birth": "1977-08-18",
        "active": false
    },
    {
        "id": 55,
        "first_name": "Jere",
        "last_name": "Shakelady",
        "fav_movies": [
            "Spencer's Mountain"
        ],
        "salary": 2866.28,
        "image_url": "http://dummyimage.com/157x234.bmp/dddddd/000000",
        "date_of_birth": "1999-05-03",
        "active": false
    },
    {
        "id": 56,
        "first_name": "Kayley",
        "last_name": "Conws",
        "fav_movies": [
            "The Nutcracker Prince",
            "U Turn",
            "JFK: The Smoking Gun"
        ],
        "salary": 2674.39,
        "image_url": "http://dummyimage.com/212x112.bmp/ff4444/ffffff",
        "date_of_birth": "1997-10-18",
        "active": false
    },
    {
        "id": 57,
        "first_name": "Krystle",
        "last_name": "Shovell",
        "fav_movies": [
            "Doomsday",
            "Flight of the Conchords: A Texan Odyssey",
            "Exit Wounds"
        ],
        "salary": 2260.76,
        "image_url": "http://dummyimage.com/248x238.jpg/dddddd/000000",
        "date_of_birth": "1987-09-01",
        "active": true
    },
    {
        "id": 58,
        "first_name": "Nahum",
        "last_name": "Wildgoose",
        "fav_movies": [
            "Thomas in Love (Thomas est Amoureux)",
            "American Dreams in China",
            "Happiness of the Katakuris, The (Katakuri-ke no kôfuku)"
        ],
        "salary": 4009.3,
        "image_url": "http://dummyimage.com/199x176.png/dddddd/000000",
        "date_of_birth": "1986-12-17",
        "active": true
    },
    {
        "id": 59,
        "first_name": "Wynn",
        "last_name": "Sayre",
        "fav_movies": [
            "Misérables in Concert, Les",
            "Delta Force 2 (Delta Force 2: The Colombian Connection)",
            "Summer of Sam"
        ],
        "salary": 2689.51,
        "image_url": "http://dummyimage.com/154x190.bmp/dddddd/000000",
        "date_of_birth": "1997-06-30",
        "active": false
    },
    {
        "id": 60,
        "first_name": "Bev",
        "last_name": "Symcox",
        "fav_movies": [
            "Alvin and the Chipmunks: The Squeakquel",
            "Inseparable",
            "Bells of Innocence"
        ],
        "salary": 2586.38,
        "image_url": "http://dummyimage.com/227x207.bmp/cc0000/ffffff",
        "date_of_birth": "1976-11-09",
        "active": true
    },
    {
        "id": 61,
        "first_name": "Shanna",
        "last_name": "Samples",
        "fav_movies": [
            "Thomas in Love (Thomas est Amoureux)"
        ],
        "salary": 2703.0,
        "image_url": "http://dummyimage.com/155x215.jpg/5fa2dd/ffffff",
        "date_of_birth": "1989-07-07",
        "active": false
    },
    {
        "id": 62,
        "first_name": "Wilden",
        "last_name": "Mayger",
        "fav_movies": [
            "Rock, Paper, Scissors: The Way of the Tosser",
            "Hollywood Knights, The"
        ],
        "salary": 3372.25,
        "image_url": "http://dummyimage.com/158x137.bmp/5fa2dd/ffffff",
        "date_of_birth": "1998-12-27",
        "active": false
    },
    {
        "id": 63,
        "first_name": "Toddy",
        "last_name": "Matevosian",
        "fav_movies": [
            "Snake Eyes",
            "Jauja"
        ],
        "salary": 4394.08,
        "image_url": "http://dummyimage.com/207x232.jpg/ff4444/ffffff",
        "date_of_birth": "1972-03-17",
        "active": true
    },
    {
        "id": 64,
        "first_name": "Loralyn",
        "last_name": "Nimmo",
        "fav_movies": [
            "Queen to Play (Joueuse)",
            "Frankenstein Meets the Wolf Man"
        ],
        "salary": 3005.12,
        "image_url": "http://dummyimage.com/149x242.jpg/5fa2dd/ffffff",
        "date_of_birth": "1980-01-03",
        "active": true
    },
    {
        "id": 65,
        "first_name": "Hillyer",
        "last_name": "MacArdle",
        "fav_movies": [
            "Slim Susie (Smala Sussie)"
        ],
        "salary": 3826.59,
        "image_url": "http://dummyimage.com/118x112.png/dddddd/000000",
        "date_of_birth": "1985-07-19",
        "active": true
    },
    {
        "id": 66,
        "first_name": "Rudy",
        "last_name": "Ritelli",
        "fav_movies": [
            "Pope's Toilet, The (El bano del Papa)"
        ],
        "salary": 4268.39,
        "image_url": "http://dummyimage.com/207x226.jpg/5fa2dd/ffffff",
        "date_of_birth": "1998-09-01",
        "active": true
    },
    {
        "id": 67,
        "first_name": "Feodora",
        "last_name": "Giacomazzo",
        "fav_movies": [
            "Death Watch (La Mort en Direct)"
        ],
        "salary": 2122.2,
        "image_url": "http://dummyimage.com/141x164.jpg/dddddd/000000",
        "date_of_birth": "1971-12-19",
        "active": true
    },
    {
        "id": 68,
        "first_name": "Ilsa",
        "last_name": "Hedman",
        "fav_movies": [
            "Night of the Demons 2",
            "Long John Silver",
            "UnHung Hero"
        ],
        "salary": 3219.26,
        "image_url": "http://dummyimage.com/142x235.jpg/dddddd/000000",
        "date_of_birth": "1986-01-29",
        "active": true
    },
    {
        "id": 69,
        "first_name": "Annabell",
        "last_name": "Doughty",
        "fav_movies": [
            "Entertaining Angels: The Dorothy Day Story",
            "Jimmy and Judy",
            "Jezebel"
        ],
        "salary": 2022.57,
        "image_url": "http://dummyimage.com/101x132.jpg/dddddd/000000",
        "date_of_birth": "2000-09-03",
        "active": true
    },
    {
        "id": 70,
        "first_name": "Franciska",
        "last_name": "Lees",
        "fav_movies": [
            "Ay, Carmela! (¡Ay, Carmela!)",
            "Trilogy: The Weeping Meadow (Trilogia: To livadi pou dakryzei)",
            "Song Is Born, A"
        ],
        "salary": 3017.31,
        "image_url": "http://dummyimage.com/142x148.jpg/cc0000/ffffff",
        "date_of_birth": "1982-07-15",
        "active": false
    },
    {
        "id": 71,
        "first_name": "Cecily",
        "last_name": "Salomon",
        "fav_movies": [
            "Mrs. Henderson Presents"
        ],
        "salary": 4062.93,
        "image_url": "http://dummyimage.com/115x130.bmp/cc0000/ffffff",
        "date_of_birth": "1999-07-18",
        "active": true
    },
    {
        "id": 72,
        "first_name": "Eugine",
        "last_name": "McRamsey",
        "fav_movies": [
            "Lawman"
        ],
        "salary": 2006.46,
        "image_url": "http://dummyimage.com/185x133.jpg/5fa2dd/ffffff",
        "date_of_birth": "1998-09-12",
        "active": false
    },
    {
        "id": 73,
        "first_name": "Jere",
        "last_name": "Burchill",
        "fav_movies": [
            "Project A ('A' gai waak)"
        ],
        "salary": 1244.32,
        "image_url": "http://dummyimage.com/209x154.png/dddddd/000000",
        "date_of_birth": "1998-07-30",
        "active": false
    },
    {
        "id": 74,
        "first_name": "Micky",
        "last_name": "Umfrey",
        "fav_movies": [
            "Haunted House, The",
            "Swept Away (Travolti da un insolito destino nell'azzurro mare d'Agosto)",
            "Tevye"
        ],
        "salary": 1271.82,
        "image_url": "http://dummyimage.com/101x138.png/ff4444/ffffff",
        "date_of_birth": "1989-07-04",
        "active": false
    },
    {
        "id": 75,
        "first_name": "Norean",
        "last_name": "Baum",
        "fav_movies": [
            "Fright Night",
            "Blade of the Ripper",
            "Yrrol: An Enormously Well Thought Out Movie (Yrrol - en kolossalt genomtänkt film)"
        ],
        "salary": 2924.43,
        "image_url": "http://dummyimage.com/187x118.bmp/cc0000/ffffff",
        "date_of_birth": "1974-03-27",
        "active": true
    },
    {
        "id": 76,
        "first_name": "Trace",
        "last_name": "Balke",
        "fav_movies": [
            "Dark Truth, A (Truth, The)"
        ],
        "salary": 4812.73,
        "image_url": "http://dummyimage.com/109x177.png/dddddd/000000",
        "date_of_birth": "1982-01-03",
        "active": true
    },
    {
        "id": 77,
        "first_name": "Elianora",
        "last_name": "Notman",
        "fav_movies": [
            "Nostalghia"
        ],
        "salary": 2132.07,
        "image_url": "http://dummyimage.com/105x245.bmp/dddddd/000000",
        "date_of_birth": "1999-06-26",
        "active": false
    },
    {
        "id": 78,
        "first_name": "Nyssa",
        "last_name": "Rajchert",
        "fav_movies": [
            "Little Accidents",
            "Naked Kiss, The"
        ],
        "salary": 2697.06,
        "image_url": "http://dummyimage.com/146x105.jpg/5fa2dd/ffffff",
        "date_of_birth": "1987-08-28",
        "active": true
    },
    {
        "id": 79,
        "first_name": "Deina",
        "last_name": "Pennick",
        "fav_movies": [
            "Invisible Invaders",
            "Particle Fever",
            "Buster Keaton: A Hard Act to Follow"
        ],
        "salary": 1048.92,
        "image_url": "http://dummyimage.com/166x180.bmp/ff4444/ffffff",
        "date_of_birth": "1999-11-28",
        "active": true
    },
    {
        "id": 80,
        "first_name": "Lorilee",
        "last_name": "Petrie",
        "fav_movies": [
            "Gaudi Afternoon",
            "Hollywood and The Pentagon: A Dangerous Liaison",
            "Princess of Mars"
        ],
        "salary": 4153.15,
        "image_url": "http://dummyimage.com/124x184.png/dddddd/000000",
        "date_of_birth": "2002-07-29",
        "active": false
    },
    {
        "id": 81,
        "first_name": "Daveta",
        "last_name": "Crutchley",
        "fav_movies": [
            "Camp Rock 2: The Final Jam",
            "Guyana Tragedy: The Story of Jim Jones",
            "Moonlight Murder"
        ],
        "salary": 2627.25,
        "image_url": "http://dummyimage.com/118x246.png/dddddd/000000",
        "date_of_birth": "1978-11-16",
        "active": false
    },
    {
        "id": 82,
        "first_name": "Lucita",
        "last_name": "Sowerbutts",
        "fav_movies": [
            "Redemption: For Robbing the Dead",
            "Batman/Superman Movie, The",
            "Take My Eyes (Te doy mis ojos)"
        ],
        "salary": 3052.35,
        "image_url": "http://dummyimage.com/201x220.jpg/ff4444/ffffff",
        "date_of_birth": "1972-09-18",
        "active": true
    },
    {
        "id": 83,
        "first_name": "Kalinda",
        "last_name": "Pearcy",
        "fav_movies": [
            "Blind Swordsman: Zatoichi, The (Zatôichi)"
        ],
        "salary": 2824.97,
        "image_url": "http://dummyimage.com/139x177.jpg/5fa2dd/ffffff",
        "date_of_birth": "1996-02-20",
        "active": false
    },
    {
        "id": 84,
        "first_name": "Ricca",
        "last_name": "Newgrosh",
        "fav_movies": [
            "Documentarian",
            "Dare"
        ],
        "salary": 3412.06,
        "image_url": "http://dummyimage.com/135x132.jpg/5fa2dd/ffffff",
        "date_of_birth": "1984-07-27",
        "active": false
    },
    {
        "id": 85,
        "first_name": "Maxine",
        "last_name": "Ewenson",
        "fav_movies": [
            "Savior",
            "Beaver Trilogy Part IV"
        ],
        "salary": 3363.5,
        "image_url": "http://dummyimage.com/171x235.png/cc0000/ffffff",
        "date_of_birth": "2001-01-24",
        "active": false
    },
    {
        "id": 86,
        "first_name": "Welbie",
        "last_name": "Crackel",
        "fav_movies": [
            "All That Heaven Allows",
            "The New Babylon",
            "Fjorton suger"
        ],
        "salary": 2720.28,
        "image_url": "http://dummyimage.com/201x124.bmp/5fa2dd/ffffff",
        "date_of_birth": "1990-10-24",
        "active": true
    },
    {
        "id": 87,
        "first_name": "Margareta",
        "last_name": "Marusik",
        "fav_movies": [
            "Eyjafjallajökull",
            "Made in America",
            "Minuscule: Valley of the Lost Ants (Minuscule - La vallée des fourmis perdues)"
        ],
        "salary": 3416.97,
        "image_url": "http://dummyimage.com/187x115.bmp/cc0000/ffffff",
        "date_of_birth": "1983-10-01",
        "active": false
    },
    {
        "id": 88,
        "first_name": "Jobie",
        "last_name": "Maughan",
        "fav_movies": [
            "Devils on the Doorstep (Guizi lai le)",
            "On the Run"
        ],
        "salary": 3899.2,
        "image_url": "http://dummyimage.com/187x144.png/cc0000/ffffff",
        "date_of_birth": "2000-02-07",
        "active": false
    },
    {
        "id": 89,
        "first_name": "Tish",
        "last_name": "Machon",
        "fav_movies": [
            "Arrowhead",
            "Simon"
        ],
        "salary": 4830.06,
        "image_url": "http://dummyimage.com/161x139.png/dddddd/000000",
        "date_of_birth": "1995-06-08",
        "active": true
    },
    {
        "id": 90,
        "first_name": "Josy",
        "last_name": "Pellew",
        "fav_movies": [
            "Dominion: Prequel to the Exorcist"
        ],
        "salary": 2791.54,
        "image_url": "http://dummyimage.com/198x154.jpg/cc0000/ffffff",
        "date_of_birth": "1981-01-14",
        "active": false
    },
    {
        "id": 91,
        "first_name": "Stanley",
        "last_name": "Sargeaunt",
        "fav_movies": [
            "Blow Out",
            "Ashes, The (Popioly)",
            "God Said 'Ha!'"
        ],
        "salary": 2958.64,
        "image_url": "http://dummyimage.com/149x140.png/ff4444/ffffff",
        "date_of_birth": "1986-09-12",
        "active": false
    },
    {
        "id": 92,
        "first_name": "Daron",
        "last_name": "Briance",
        "fav_movies": [
            "Train on the Brain",
            "Two Thousand Maniacs!",
            "Anything Goes"
        ],
        "salary": 4226.35,
        "image_url": "http://dummyimage.com/110x137.png/5fa2dd/ffffff",
        "date_of_birth": "2002-02-22",
        "active": true
    },
    {
        "id": 93,
        "first_name": "Janean",
        "last_name": "Pelz",
        "fav_movies": [
            "Once"
        ],
        "salary": 4906.92,
        "image_url": "http://dummyimage.com/241x212.jpg/ff4444/ffffff",
        "date_of_birth": "1975-09-23",
        "active": true
    },
    {
        "id": 94,
        "first_name": "Bennie",
        "last_name": "Knight",
        "fav_movies": [
            "House on Carroll Street, The"
        ],
        "salary": 2370.24,
        "image_url": "http://dummyimage.com/183x155.png/cc0000/ffffff",
        "date_of_birth": "1977-08-27",
        "active": false
    },
    {
        "id": 95,
        "first_name": "Cobb",
        "last_name": "MacLure",
        "fav_movies": [
            "Storage 24",
            "His Secret Life (a.k.a. Ignorant Fairies, The) (Fate ignoranti, Le)"
        ],
        "salary": 1621.17,
        "image_url": "http://dummyimage.com/181x215.png/ff4444/ffffff",
        "date_of_birth": "1994-06-28",
        "active": false
    },
    {
        "id": 96,
        "first_name": "Dew",
        "last_name": "Coopland",
        "fav_movies": [
            "Rush"
        ],
        "salary": 2725.56,
        "image_url": "http://dummyimage.com/181x146.bmp/5fa2dd/ffffff",
        "date_of_birth": "1986-11-14",
        "active": false
    },
    {
        "id": 97,
        "first_name": "Rodi",
        "last_name": "Farnan",
        "fav_movies": [
            "Code, The (Mentale, La)",
            "Guadalcanal Diary"
        ],
        "salary": 2325.88,
        "image_url": "http://dummyimage.com/214x164.bmp/ff4444/ffffff",
        "date_of_birth": "1972-01-04",
        "active": false
    },
    {
        "id": 98,
        "first_name": "Davin",
        "last_name": "Labb",
        "fav_movies": [
            "Viva Riva!",
            "Killer Inside Me, The"
        ],
        "salary": 1452.74,
        "image_url": "http://dummyimage.com/238x145.bmp/ff4444/ffffff",
        "date_of_birth": "1988-01-27",
        "active": true
    },
    {
        "id": 99,
        "first_name": "Rozalie",
        "last_name": "Wannop",
        "fav_movies": [
            "Suddenly",
            "The Noble Family"
        ],
        "salary": 1259.64,
        "image_url": "http://dummyimage.com/104x154.png/cc0000/ffffff",
        "date_of_birth": "1997-03-25",
        "active": false
    },
    {
        "id": 100,
        "first_name": "Virgie",
        "last_name": "Domanski",
        "fav_movies": [
            "Horseman, The",
            "Sword of Desperation (Hisshiken torisashi)"
        ],
        "salary": 2165.93,
        "image_url": "http://dummyimage.com/220x111.png/ff4444/ffffff",
        "date_of_birth": "2002-01-05",
        "active": true
    }
]